,,activitylist_.appentry,activitylist_.kpmgglobaltaxevent,activitylist_advanced.speed.booster.applist,activitylist_advanced.speed.booster.mainactivity,activitylist_advanced.speed.booster.settingactivity,activitylist_advanced.speed.booster.speed,activitylist_aero.developer.itravel.foo.airlininfomap,activitylist_aero.developer.itravel.foo.booksearchresult,activitylist_aero.developer.itravel.foo.launcheractivity,activitylist_aero.developer.itravel.foo.mainnavigation,activitylist_aero.developer.itravel.foo.mapactivity,activitylist_aero.developer.itravel.foo.parsedeeplinkactivity,activitylist_aero.developer.itravel.foo.paypalwebview,activitylist_aero.developer.itravel.foo.splash,activitylist_age.of.civilizations.jakowski.lite.mainactivity,activitylist_air.additionisfun.playactivity,activitylist_air.additionisfun.playinstruction,activitylist_air.additionisfun.splashscreen,activitylist_air.dialoges.custompurchasedialog,activitylist_air.sacondlevel.seconlevelactivity,activitylist_bgp.hkczw.syvd.vjet,activitylist_com.adfonic.android.adfonicactivity,activitylist_com.adsdk.sdk.banner.inappwebview,activitylist_com.adsdk.sdk.mraid.mraidbrowser,activitylist_com.adsdk.sdk.video.richmediaactivity,activitylist_com.appyet.activity.aboutactivity,activitylist_com.appyet.activity.disquscommentactivity,activitylist_com.appyet.activity.downloadactivity,activitylist_com.appyet.activity.forum.forumnewtopicactivity,activitylist_com.appyet.activity.forum.forumreplypostactivity,activitylist_com.appyet.activity.forum.forumsigninactivity,activitylist_com.appyet.activity.imagevieweractivity,activitylist_com.appyet.activity.mainactivity,activitylist_com.appyet.activity.mediaplayeractivity,activitylist_com.appyet.activity.podcastactionactivity,activitylist_com.appyet.activity.settingsactivity,activitylist_com.appyet.activity.splashactivity,activitylist_com.appyet.activity.translateactivity,activitylist_com.appyet.activity.videoplayeractivity,activitylist_com.appyet.activity.webactionactivity,activitylist_com.appyet.activity.webbrowseractivity,activitylist_com.appyet.activity.whatsnewactivity,activitylist_com.appyet.activity.widgetconfigureactivity,activitylist_com.appyet.activity.youtubeplayeractivity,activitylist_com.flurry.android.flurryfullscreentakeoveractivity,activitylist_com.google.ads.adactivity,activitylist_com.google.android.gms.ads.adactivity,activitylist_com.inmobi.androidsdk.imbrowseractivity,activitylist_com.millennialmedia.android.mmactivity,activitylist_com.millennialmedia.android.videoplayer,activitylist_com.phonegap.droidgap,activitylist_com.plugin.gcm.pushhandleractivity,activitylist_de.appplant.cordova.plugin.localnotification.receiveractivity,activitylist_fq.uxht.m.uu.lxepw,activitylist_i.nt.km.u.seu,activitylist_i.vl.dc,activitylist_io.card.payment.cardioactivity,activitylist_io.card.payment.dataentryactivity,activitylist_lazfl.z.qdk.m.lp,activitylist_n.hkdrz.slivo.zwfbc.fgkjj,activitylist_qtjud.tor.j.hpv,activitylist_utz.kku.ew.ds.safpx,activitylist_yltjs.q.vt.uxrod,broadcastreceiverlist_advanced.speed.booster.alarmreceiver,broadcastreceiverlist_advanced.speed.booster.autoreceiver,broadcastreceiverlist_advanced.speed.booster.networkstatereceiver,broadcastreceiverlist_advanced.speed.booster.onboottimecheckerbroadcastreceiver,broadcastreceiverlist_advanced.speed.booster.timechangebroadcastreceiver,broadcastreceiverlist_aero.developer.itravel.foo.notificationalarm,broadcastreceiverlist_brw.uz.fomh,broadcastreceiverlist_com.appsflyer.multipleinstallbroadcastreceiver,broadcastreceiverlist_com.appyet.provider.widgetprovider,broadcastreceiverlist_com.appyet.provider.widgetprovider_4_1,broadcastreceiverlist_com.appyet.receiver.alarmreceiver,broadcastreceiverlist_com.appyet.receiver.bootcompletedreceiver,broadcastreceiverlist_com.appyet.receiver.commonreceiver,broadcastreceiverlist_com.appyet.receiver.downloadreceiver,broadcastreceiverlist_com.classteacher.inappbilling.billingreceiver,broadcastreceiverlist_com.google.analytics.tracking.android.campaigntrackingreceiver,broadcastreceiverlist_com.plugin.gcm.cordovagcmbroadcastreceiver,broadcastreceiverlist_com.usage.mmsdk.bootupreceiver,broadcastreceiverlist_com.usage.mmsdk.packageinstallreceiver,broadcastreceiverlist_dd.pzvke.r.hvmee.oq,broadcastreceiverlist_de.appplant.cordova.plugin.localnotification.receiver,broadcastreceiverlist_de.appplant.cordova.plugin.localnotification.restore,broadcastreceiverlist_df.hlsex.nduqx.in,broadcastreceiverlist_gdnm.fcpi,broadcastreceiverlist_h.tmfrr.q.ckb.tjg,broadcastreceiverlist_jb.tjv.qiri,broadcastreceiverlist_wz.uyn.o.klge.lfca,broadcastreceiverlist_yi.t.dhyr.pcgc.rdivr,hardwarecomponentslist_android.hardware.bluetooth,hardwarecomponentslist_android.hardware.camera,hardwarecomponentslist_android.hardware.camera.autofocus,hardwarecomponentslist_android.hardware.location,hardwarecomponentslist_android.hardware.location.gps,hardwarecomponentslist_android.hardware.location.network,hardwarecomponentslist_android.hardware.screen.landscape,hardwarecomponentslist_android.hardware.screen.portrait,hardwarecomponentslist_android.hardware.telephony,hardwarecomponentslist_android.hardware.touchscreen,hardwarecomponentslist_android.hardware.touchscreen.multitouch,hardwarecomponentslist_android.hardware.wifi,intentfilterlist_android.appwidget.action.appwidget_configure,intentfilterlist_android.appwidget.action.appwidget_update,intentfilterlist_android.bluetooth.adapter.action.state_changed,intentfilterlist_android.intent.action.action_power_disconnected,intentfilterlist_android.intent.action.boot_completed,intentfilterlist_android.intent.action.date_changed,intentfilterlist_android.intent.action.download_complete,intentfilterlist_android.intent.action.download_notification_clicked,intentfilterlist_android.intent.action.headset_plug,intentfilterlist_android.intent.action.main,intentfilterlist_android.intent.action.media_button,intentfilterlist_android.intent.action.notify,intentfilterlist_android.intent.action.package_added,intentfilterlist_android.intent.action.package_removed,intentfilterlist_android.intent.action.package_replaced,intentfilterlist_android.intent.action.time_set,intentfilterlist_android.intent.action.timezone_changed,intentfilterlist_android.intent.action.view,intentfilterlist_android.net.conn.connectivity_change,intentfilterlist_android.net.connectivitymanager.connectivity_action,intentfilterlist_com.android.vending.billing.in_app_notify,intentfilterlist_com.android.vending.billing.purchase_state_changed,intentfilterlist_com.android.vending.billing.response_code,intentfilterlist_com.android.vending.install_referrer,intentfilterlist_com.google.android.c2dm.intent.receive,intentfilterlist_com.google.android.c2dm.intent.registration,requestedpermissionlist_agency.contra.apps.kpmg.kpmgglobaltaxevent.permission.c2d_message,requestedpermissionlist_android.permission.access_coarse,requestedpermissionlist_android.permission.access_coarse_location,requestedpermissionlist_android.permission.access_fine_location,requestedpermissionlist_android.permission.access_location_extra_commands,requestedpermissionlist_android.permission.access_network_state,requestedpermissionlist_android.permission.access_wifi_state,requestedpermissionlist_android.permission.battery_stats,requestedpermissionlist_android.permission.broadcast_sticky,requestedpermissionlist_android.permission.call_phone,requestedpermissionlist_android.permission.camera,requestedpermissionlist_android.permission.disable_keyguard,requestedpermissionlist_android.permission.flashlight,requestedpermissionlist_android.permission.get_accounts,requestedpermissionlist_android.permission.get_package_size,requestedpermissionlist_android.permission.get_tasks,requestedpermissionlist_android.permission.interact_across_users_full,requestedpermissionlist_android.permission.internet,requestedpermissionlist_android.permission.kill_background_processes,requestedpermissionlist_android.permission.read_contacts,requestedpermissionlist_android.permission.read_external_storage,requestedpermissionlist_android.permission.read_logs,requestedpermissionlist_android.permission.read_phone_state,requestedpermissionlist_android.permission.read_sms,requestedpermissionlist_android.permission.receive_boot_completed,requestedpermissionlist_android.permission.receive_sms,requestedpermissionlist_android.permission.restart_packages,requestedpermissionlist_android.permission.send_sms,requestedpermissionlist_android.permission.system_alert_window,requestedpermissionlist_android.permission.vibrate,requestedpermissionlist_android.permission.wake_lock,requestedpermissionlist_android.permission.write_external_storage,requestedpermissionlist_com.android.browser.permission.read_history_bookmarks,requestedpermissionlist_com.android.launcher.permission.install_shortcut,requestedpermissionlist_com.android.vending.billing,requestedpermissionlist_com.google.android.c2dm.permission.receive,requestedpermissionlist_com.google.android.providers.gsf.permission.read_gservices,restrictedapilist_android.accounts.accountmanager.getaccounts,restrictedapilist_android.accounts.accountmanager.getaccountsbytype,restrictedapilist_android.accounts.accountmanager.getauthtoken,restrictedapilist_android.accounts.accountmanager.invalidateauthtoken,restrictedapilist_android.app.activitymanager.getrunningtasks,restrictedapilist_android.app.keyguardmanager$keyguardlock.disablekeyguard,restrictedapilist_android.app.keyguardmanager$keyguardlock.reenablekeyguard,restrictedapilist_android.app.notificationmanager.notify,restrictedapilist_android.bluetooth.bluetoothadapter.getaddress,restrictedapilist_android.location.locationmanager.getbestprovider,restrictedapilist_android.location.locationmanager.getlastknownlocation,restrictedapilist_android.location.locationmanager.getprovider,restrictedapilist_android.location.locationmanager.getproviders,restrictedapilist_android.location.locationmanager.isproviderenabled,restrictedapilist_android.location.locationmanager.requestlocationupdates,restrictedapilist_android.media.audiomanager.setspeakerphoneon,restrictedapilist_android.media.audiorecord.<init>,restrictedapilist_android.media.ringtone.play,restrictedapilist_android.media.ringtonemanager.getringtone,restrictedapilist_android.net.connectivitymanager.getactivenetworkinfo,restrictedapilist_android.net.connectivitymanager.getnetworkinfo,restrictedapilist_android.net.connectivitymanager.isactivenetworkmetered,restrictedapilist_android.net.wifi.wifimanager.getconnectioninfo,restrictedapilist_android.net.wifi.wifimanager.getdhcpinfo,restrictedapilist_android.net.wifi.wifimanager.startscan,restrictedapilist_android.os.powermanager$wakelock.acquire,restrictedapilist_android.os.powermanager$wakelock.release,restrictedapilist_android.os.vibrator.cancel,restrictedapilist_android.os.vibrator.vibrate,restrictedapilist_android.support.v4.net.connectivitymanagercompat$connectivitymanagercompatimpl.isactivenetworkmetered,restrictedapilist_android.support.v4.net.connectivitymanagercompatgingerbread.isactivenetworkmetered,restrictedapilist_android.support.v4.net.connectivitymanagercompathoneycombmr2.isactivenetworkmetered,restrictedapilist_android.support.v4.net.connectivitymanagercompatjellybean.isactivenetworkmetered,restrictedapilist_android.support.v4.view.accessibility.accessibilitynodeprovidercompat.performaction,restrictedapilist_android.support.v4.view.accessibility.accessibilitynodeprovidercompatjellybean$accessibilitynodeinfobridge.performaction,restrictedapilist_android.telephony.telephonymanager.getcelllocation,restrictedapilist_android.telephony.telephonymanager.getdeviceid,restrictedapilist_android.webkit.webview.<init>,restrictedapilist_android.widget.videoview.pause,restrictedapilist_android.widget.videoview.setvideopath,restrictedapilist_android.widget.videoview.start,restrictedapilist_android.widget.videoview.stopplayback,servicelist_advanced.speed.booster.servicebooster,servicelist_advanced.speed.booster.updateservice,servicelist_com.appyet.service.mediaservice,servicelist_com.appyet.service.syncservice,servicelist_com.classteacher.inappbilling.billingservice,servicelist_com.framework.download.downloadservice,servicelist_com.google.analytics.tracking.android.campaigntrackingservice,servicelist_com.plugin.gcm.gcmintentservice,servicelist_com.usage.mmsdk.monitoringappsservice,suspiciousapilist_landroid/app/activity.getsystemservice,suspiciousapilist_landroid/app/application.getsystemservice,suspiciousapilist_landroid/content/context.getsystemservice,suspiciousapilist_landroid/content/pm/packagemanager.getpackageinfo,suspiciousapilist_landroid/support/v4/app/fragmentactivity.getsystemservice,suspiciousapilist_landroid/telephony/smsmanager.sendtextmessage,suspiciousapilist_landroid/telephony/telephonymanager.getdeviceid,suspiciousapilist_landroid/telephony/telephonymanager.getsimcountryiso,suspiciousapilist_landroid/telephony/telephonymanager.getsubscriberid,suspiciousapilist_landroid/view/keyevent.getdeviceid,suspiciousapilist_landroid/view/motionevent.getdeviceid,suspiciousapilist_ljava/io/ioexception;->printstacktrace,suspiciousapilist_ljava/lang/runtime;->exec,suspiciousapilist_lorg/apache/http/client/methods/httppost,urldomainlist_54.87.240.134,usedpermissionslist_android.permission.access_fine_location,usedpermissionslist_android.permission.access_network_state,usedpermissionslist_android.permission.access_wifi_state,usedpermissionslist_android.permission.disable_keyguard,usedpermissionslist_android.permission.get_accounts,usedpermissionslist_android.permission.get_tasks,usedpermissionslist_android.permission.internet,usedpermissionslist_android.permission.read_contacts,usedpermissionslist_android.permission.read_phone_state,usedpermissionslist_android.permission.restart_packages,usedpermissionslist_android.permission.send_sms,usedpermissionslist_android.permission.vibrate,usedpermissionslist_android.permission.wake_lock,usedpermissionslist_android.permission.write_external_storage,Training/Testing,original_label,predicted_label
/Users/tinawu/Dropbox/Android/Drebin/csbd/data/small_proto_apks/malware/gen10_2692e73d-2a48-4f82-a9da-2e8d3df23241_app-release.data,0.10363901568019318,0.0,0.0,0.0,0.0,0.0,0.0,0.0,0.0,0.0,0.0,0.0,0.0,0.0,0.0,0.0,0.0,0.0,0.0,0.0,0.0,0.0,0.0,0.0,0.0,0.0,0.0,0.0,0.0,0.0,0.0,0.0,0.0,0.0,0.0,0.0,0.0,0.0,0.0,0.0,0.0,0.0,0.0,0.0,0.0,0.0,0.0,0.0,0.0,0.0,0.0,0.0,0.0,0.0,0.0,0.0,0.0,0.0,0.0,0.0,0.0,0.0,0.0,0.3473332328273771,0.0,0.0,0.0,0.0,0.0,0.0,0.0,0.0,0.0,0.0,0.0,0.0,0.0,0.0,0.0,0.0,0.0,0.0,0.0,0.0,0.0,0.0,0.0,0.0,0.0,0.3473332328273771,0.0,0.0,0.0,0.0,0.0,0.0,0.0,0.0,0.0,0.0,0.0,0.0,0.0,0.0,0.0,0.0,0.0,0.0,0.0,0.0,0.0,0.0,0.0,0.10869558026958813,0.0,0.0,0.0,0.0,0.0,0.0,0.0,0.0,0.0,0.0,0.0,0.0,0.0,0.0,0.0,0.0,0.0,0.0,0.0,0.0,0.0,0.0,0.0,0.0,0.0,0.0,0.0,0.0,0.0,0.0,0.0,0.0,0.0,0.10869558026958813,0.0,0.0,0.0,0.0,0.15334149766525335,0.20365904979790939,0.0,0.0,0.0,0.21749811189192034,0.0,0.0,0.0,0.0,0.0,0.0,0.0,0.0,0.0,0.0,0.0,0.0,0.0,0.0,0.0,0.0,0.12553888215213624,0.0,0.0,0.0,0.0,0.0,0.0,0.0,0.0,0.0,0.0,0.0,0.16163704510091612,0.16163704510091612,0.16163704510091612,0.0,0.0,0.0,0.14566102037718645,0.14566102037718645,0.0,0.0,0.16163704510091612,0.16163704510091612,0.16163704510091612,0.16163704510091612,0.17065481856509954,0.17065481856509954,0.0,0.0,0.0,0.0,0.0,0.0,0.0,0.0,0.0,0.0,0.0,0.0,0.0,0.0,0.0,0.0,0.0,0.0,0.10869558026958813,0.0,0.13182195828317553,0.30531122813038386,0.0,0.0,0.23347413661564997,0.15334149766525335,0.0,0.0,0.0,0.20365904979790939,0.0,0.0,0.0,0.0,0.0,0.0,0.0,0.0,0.0,0.15334149766525335,0.0,0.21749811189192034,0.0,0.0,0.0,Testing,1.0,1.0
/Users/tinawu/Dropbox/Android/Drebin/csbd/data/small_proto_apks/goodware/agency.contra.apps.kpmg.kpmgglobaltaxevent.data,0.06421378307884365,0.0,0.21520448377929938,0.0,0.0,0.0,0.0,0.0,0.0,0.0,0.0,0.0,0.0,0.0,0.0,0.0,0.0,0.0,0.0,0.0,0.0,0.0,0.0,0.0,0.0,0.0,0.0,0.0,0.0,0.0,0.0,0.0,0.0,0.0,0.0,0.0,0.0,0.0,0.0,0.0,0.0,0.0,0.0,0.0,0.0,0.0,0.0,0.0,0.0,0.0,0.0,0.21520448377929938,0.21520448377929938,0.21520448377929938,0.0,0.0,0.0,0.0,0.0,0.0,0.0,0.0,0.0,0.0,0.0,0.0,0.0,0.0,0.0,0.0,0.0,0.0,0.0,0.0,0.0,0.0,0.0,0.0,0.0,0.0,0.21520448377929938,0.0,0.0,0.0,0.21520448377929938,0.21520448377929938,0.0,0.0,0.0,0.0,0.0,0.0,0.0,0.0,0.0,0.0,0.0,0.0,0.0,0.0,0.0,0.0,0.0,0.0,0.0,0.0,0.0,0.0,0.17069488108511102,0.0,0.0,0.0,0.0,0.06734678409720071,0.0,0.0,0.0,0.0,0.0,0.0,0.0,0.0,0.0,0.0,0.0,0.0,0.0,0.0,0.21520448377929938,0.21520448377929938,0.21520448377929938,0.0,0.17069488108511102,0.17069488108511102,0.21520448377929938,0.11862198408891589,0.0,0.0,0.0,0.0,0.0,0.0,0.0,0.18916803528120185,0.0,0.0,0.0,0.06734678409720071,0.0,0.0,0.0,0.0,0.0,0.0,0.15636598948557753,0.0,0.0,0.0,0.0,0.17069488108511102,0.14465843258701344,0.1347598342711296,0.0,0.0,0.0,0.21520448377929938,0.0,0.0,0.0,0.0,0.0,0.0,0.0,0.0,0.0,0.0,0.0,0.0,0.0,0.0,0.0,0.0,0.0,0.0,0.0,0.0,0.0,0.0,0.0,0.0,0.0,0.0,0.0,0.0,0.0,0.0,0.0,0.0,0.0,0.0,0.10573615958022861,0.10573615958022861,0.0,0.0,0.0,0.0,0.0,0.0,0.0,0.0,0.0,0.0,0.0,0.0,0.0,0.0,0.21520448377929938,0.0,0.12618527839092258,0.0,0.06734678409720071,0.10573615958022861,0.08167567569673422,0.0,0.0,0.0,0.0,0.0,0.0,0.12618527839092258,0.0,0.0,0.0,0.0,0.11862198408891589,0.0,0.0,0.0,0.0,0.11862198408891589,0.0,0.0,0.0,0.0,0.17069488108511102,0.14465843258701344,0.0,Testing,-1.0,-1.0
/Users/tinawu/Dropbox/Android/Drebin/csbd/data/small_proto_apks/goodware/advanced.speed.booster.data,0.0443152915221351,0.0,0.0,0.14851717152127,0.14851717152127,0.14851717152127,0.14851717152127,0.0,0.0,0.0,0.0,0.0,0.0,0.0,0.0,0.0,0.0,0.0,0.0,0.0,0.0,0.0,0.0,0.0,0.0,0.0,0.0,0.0,0.0,0.0,0.0,0.0,0.0,0.0,0.0,0.0,0.0,0.0,0.0,0.0,0.0,0.0,0.0,0.0,0.0,0.0,0.0,0.1079114806192363,0.0,0.0,0.0,0.0,0.0,0.0,0.0,0.0,0.0,0.0,0.0,0.0,0.0,0.0,0.0,0.0,0.14851717152127,0.14851717152127,0.14851717152127,0.14851717152127,0.14851717152127,0.0,0.0,0.14851717152127,0.0,0.0,0.0,0.0,0.0,0.0,0.0,0.0,0.0,0.14851717152127,0.14851717152127,0.0,0.0,0.0,0.0,0.0,0.0,0.0,0.0,0.0,0.0,0.0,0.0,0.0,0.0,0.0,0.13054886705340268,0.0,0.0,0.0,0.0,0.0,0.0,0.0,0.0,0.0,0.11780015214701002,0.14851717152127,0.0,0.0,0.0,0.046477441870716306,0.0,0.14851717152127,0.14851717152127,0.14851717152127,0.14851717152127,0.14851717152127,0.14851717152127,0.0,0.13054886705340268,0.0,0.0,0.0,0.0,0.13054886705340268,0.0,0.0,0.0,0.0,0.0,0.0,0.0,0.08186354321127536,0.1079114806192363,0.0,0.14851717152127,0.0,0.0,0.0,0.0,0.0,0.14851717152127,0.14851717152127,0.0,0.046477441870716306,0.14851717152127,0.0,0.0,0.0,0.06556771238010889,0.0,0.1079114806192363,0.0,0.14851717152127,0.0,0.0,0.0,0.0,0.0,0.14851717152127,0.14851717152127,0.0,0.0,0.0,0.0,0.0,0.13054886705340268,0.09983184767914269,0.0,0.0,0.0,0.05367951560927552,0.13054886705340268,0.0,0.0,0.0,0.0,0.0,0.0,0.0,0.0,0.0,0.0,0.0,0.0,0.0,0.0,0.0,0.0,0.0,0.0,0.0,0.0,0.0,0.0,0.0,0.0,0.0,0.0,0.0,0.0,0.0,0.1079114806192363,0.1079114806192363,0.1079114806192363,0.1079114806192363,0.14851717152127,0.14851717152127,0.0,0.0,0.0,0.0,0.0,0.0,0.14851717152127,0.08708313277275002,0.0,0.046477441870716306,0.07297076284192053,0.0,0.0,0.09983184767914269,0.14851717152127,0.0,0.0,0.0,0.08708313277275002,0.11780015214701002,0.08708313277275002,0.0,0.0,0.08186354321127536,0.1079114806192363,0.0,0.0,0.14851717152127,0.08186354321127536,0.0,0.06556771238010889,0.14851717152127,0.0,0.0,0.0,0.0,Testing,-1.0,-1.0
/Users/tinawu/Dropbox/Android/Drebin/csbd/data/small_proto_apks/malware/gen10_13c17cdf-6dac-49e9-af90-b196fdf9bcfe_app-release.data,0.1318713811789058,0.0,0.0,0.0,0.0,0.0,0.0,0.0,0.0,0.0,0.0,0.0,0.0,0.0,0.0,0.0,0.0,0.0,0.0,0.0,0.0,0.0,0.0,0.0,0.0,0.0,0.0,0.0,0.0,0.0,0.0,0.0,0.0,0.0,0.0,0.0,0.0,0.0,0.0,0.0,0.0,0.0,0.0,0.0,0.0,0.0,0.0,0.0,0.0,0.0,0.0,0.0,0.0,0.0,0.4419504840109584,0.0,0.0,0.0,0.0,0.0,0.0,0.0,0.0,0.0,0.0,0.0,0.0,0.0,0.0,0.0,0.0,0.0,0.0,0.0,0.0,0.0,0.0,0.0,0.0,0.0,0.0,0.0,0.0,0.0,0.0,0.0,0.0,0.0,0.0,0.0,0.0,0.0,0.0,0.0,0.0,0.0,0.0,0.0,0.0,0.0,0.0,0.0,0.0,0.0,0.0,0.0,0.0,0.0,0.0,0.0,0.0,0.0,0.0,0.13830540751587433,0.0,0.0,0.0,0.0,0.0,0.0,0.0,0.0,0.0,0.0,0.0,0.0,0.0,0.0,0.0,0.0,0.0,0.0,0.0,0.0,0.0,0.0,0.0,0.0,0.0,0.0,0.0,0.0,0.0,0.0,0.0,0.0,0.0,0.13830540751587433,0.0,0.3211179596372832,0.0,0.0,0.0,0.25913793188954964,0.0,0.0,0.0,0.0,0.0,0.0,0.0,0.0,0.0,0.0,0.0,0.0,0.0,0.0,0.0,0.0,0.0,0.0,0.0,0.0,0.15973700321646314,0.0,0.0,0.0,0.0,0.0,0.0,0.0,0.0,0.0,0.0,0.0,0.20566868806347163,0.20566868806347163,0.20566868806347163,0.0,0.0,0.0,0.1853406250049838,0.1853406250049838,0.0,0.0,0.20566868806347163,0.20566868806347163,0.20566868806347163,0.20566868806347163,0.0,0.0,0.0,0.0,0.0,0.0,0.0,0.0,0.0,0.0,0.0,0.0,0.0,0.0,0.0,0.0,0.0,0.0,0.0,0.0,0.13830540751587433,0.0,0.16773165582884525,0.0,0.0,0.0,0.0,0.195113345649263,0.0,0.0,0.0,0.0,0.0,0.0,0.0,0.0,0.0,0.0,0.0,0.0,0.3211179596372832,0.0,0.0,0.0,0.0,0.0,0.0,Testing,1.0,1.0
/Users/tinawu/Dropbox/Android/Drebin/csbd/data/small_proto_apks/goodware/air.air.com.jessoft.flvplayer.FLVPlayer.data,0.07702868699182215,0.1875713636971411,0.0,0.0,0.0,0.0,0.0,0.0,0.0,0.0,0.0,0.0,0.0,0.0,0.0,0.0,0.0,0.0,0.0,0.0,0.0,0.0,0.0,0.0,0.0,0.0,0.0,0.0,0.0,0.0,0.0,0.0,0.0,0.0,0.0,0.0,0.0,0.0,0.0,0.0,0.0,0.0,0.0,0.0,0.0,0.0,0.0,0.1875713636971411,0.0,0.0,0.0,0.0,0.0,0.0,0.0,0.0,0.0,0.0,0.0,0.0,0.0,0.0,0.0,0.0,0.0,0.0,0.0,0.0,0.0,0.0,0.0,0.0,0.0,0.0,0.0,0.0,0.0,0.0,0.0,0.0,0.0,0.0,0.0,0.0,0.0,0.0,0.0,0.0,0.0,0.0,0.0,0.0,0.0,0.0,0.0,0.0,0.0,0.0,0.0,0.0,0.0,0.0,0.2269195907776139,0.0,0.0,0.0,0.0,0.0,0.0,0.0,0.0,0.0,0.0,0.08078692927590894,0.0,0.0,0.0,0.0,0.0,0.0,0.0,0.0,0.0,0.0,0.0,0.0,0.0,0.0,0.0,0.0,0.0,0.0,0.0,0.0,0.0,0.1422949286684287,0.0,0.0,0.0,0.0,0.0,0.258152035676183,0.0,0.0,0.0,0.0,0.0,0.08078692927590894,0.0,0.0,0.2269195907776139,0.0,0.113969571681019,0.0,0.0,0.0,0.0,0.0,0.0,0.0,0.17352737356699782,0.0,0.0,0.0,0.0,0.0,0.0,0.0,0.0,0.0,0.0,0.20475981846556698,0.0,0.0,0.09330554902643906,0.0,0.0,0.1875713636971411,0.0,0.0,0.1875713636971411,0.1875713636971411,0.2269195907776139,0.20475981846556698,0.0,0.0,0.0,0.0,0.0,0.2269195907776139,0.2269195907776139,0.0,0.0,0.0,0.2269195907776139,0.0,0.0,0.0,0.0,0.0,0.0,0.0,0.0,0.0,0.0,0.0,0.0,0.0,0.0,0.0,0.0,0.0,0.0,0.0,0.0,0.0,0.0,0.0,0.15136760125495088,0.0,0.08078692927590894,0.12683752847924337,0.0,0.0,0.0,0.0,0.0,0.113969571681019,0.20475981846556698,0.15136760125495088,0.0,0.0,0.0,0.0,0.1422949286684287,0.0,0.258152035676183,0.0,0.0,0.1422949286684287,0.0,0.113969571681019,0.0,0.0,0.0,0.17352737356699782,0.0,Testing,-1.0,-1.0
/Users/tinawu/Dropbox/Android/Drebin/csbd/data/small_proto_apks/malware/gen10_07fcf9ff-3625-46e8-b470-29ee05877e0a_app-release.data,0.11723496646402057,0.0,0.0,0.0,0.0,0.0,0.0,0.0,0.0,0.0,0.0,0.0,0.0,0.0,0.0,0.0,0.0,0.0,0.0,0.0,0.0,0.0,0.0,0.0,0.0,0.0,0.0,0.0,0.0,0.0,0.0,0.0,0.0,0.0,0.0,0.0,0.0,0.0,0.0,0.0,0.0,0.0,0.0,0.0,0.0,0.0,0.0,0.0,0.0,0.0,0.0,0.0,0.0,0.0,0.0,0.0,0.0,0.0,0.0,0.0,0.0,0.0,0.39289836588190863,0.0,0.0,0.0,0.0,0.0,0.0,0.0,0.0,0.0,0.0,0.0,0.0,0.0,0.0,0.0,0.0,0.0,0.0,0.0,0.0,0.0,0.0,0.0,0.0,0.0,0.0,0.0,0.0,0.0,0.0,0.0,0.0,0.0,0.0,0.0,0.0,0.0,0.0,0.0,0.0,0.0,0.0,0.0,0.0,0.0,0.0,0.0,0.0,0.0,0.0,0.12295487972419798,0.0,0.0,0.0,0.0,0.0,0.0,0.0,0.0,0.0,0.0,0.0,0.0,0.0,0.0,0.0,0.0,0.0,0.0,0.0,0.0,0.0,0.0,0.0,0.0,0.0,0.0,0.0,0.0,0.0,0.0,0.0,0.0,0.0,0.12295487972419798,0.0,0.28547705265934925,0.0,0.0,0.17345770044556985,0.0,0.0,0.0,0.0,0.24603074128298733,0.0,0.0,0.0,0.0,0.0,0.0,0.0,0.0,0.0,0.0,0.0,0.0,0.0,0.0,0.0,0.0,0.14200778097363814,0.0,0.0,0.0,0.0,0.0,0.0,0.28547705265934925,0.0,0.0,0.0,0.0,0.1828415045953663,0.1828415045953663,0.1828415045953663,0.0,0.0,0.0,0.1647696548154117,0.1647696548154117,0.0,0.0,0.1828415045953663,0.1828415045953663,0.1828415045953663,0.1828415045953663,0.0,0.0,0.0,0.0,0.0,0.0,0.0,0.0,0.0,0.0,0.0,0.0,0.0,0.0,0.0,0.0,0.0,0.0,0.0,0.0,0.12295487972419798,0.0,0.14911510647918183,0.0,0.0,0.0,0.0,0.17345770044556985,0.0,0.0,0.0,0.0,0.0,0.0,0.0,0.0,0.0,0.0,0.0,0.0,0.28547705265934925,0.17345770044556985,0.0,0.24603074128298733,0.0,0.0,0.0,Testing,1.0,1.0
/Users/tinawu/Dropbox/Android/Drebin/csbd/data/small_proto_apks/malware/gen10_187d3dca-294b-40f3-9eb3-f3b7639e655e_app-release.data,0.10363901568019318,0.0,0.0,0.0,0.0,0.0,0.0,0.0,0.0,0.0,0.0,0.0,0.0,0.0,0.0,0.0,0.0,0.0,0.0,0.0,0.0,0.0,0.0,0.0,0.0,0.0,0.0,0.0,0.0,0.0,0.0,0.0,0.0,0.0,0.0,0.0,0.0,0.0,0.0,0.0,0.0,0.0,0.0,0.0,0.0,0.0,0.0,0.0,0.0,0.0,0.0,0.0,0.0,0.0,0.0,0.0,0.3473332328273771,0.0,0.0,0.0,0.0,0.0,0.0,0.0,0.0,0.0,0.0,0.0,0.0,0.0,0.0,0.0,0.0,0.0,0.0,0.0,0.0,0.0,0.0,0.0,0.0,0.0,0.0,0.0,0.0,0.0,0.0,0.3473332328273771,0.0,0.0,0.0,0.0,0.0,0.0,0.0,0.0,0.0,0.0,0.0,0.0,0.0,0.0,0.0,0.0,0.0,0.0,0.0,0.0,0.0,0.0,0.0,0.0,0.0,0.10869558026958813,0.0,0.0,0.0,0.0,0.0,0.0,0.0,0.0,0.0,0.0,0.0,0.0,0.0,0.0,0.0,0.0,0.0,0.0,0.0,0.0,0.0,0.0,0.0,0.0,0.0,0.0,0.0,0.0,0.0,0.0,0.0,0.0,0.0,0.10869558026958813,0.0,0.0,0.0,0.0,0.15334149766525335,0.20365904979790939,0.0,0.23347413661564997,0.0,0.21749811189192034,0.0,0.0,0.0,0.0,0.0,0.0,0.0,0.0,0.0,0.0,0.0,0.0,0.0,0.0,0.0,0.0,0.12553888215213624,0.0,0.0,0.0,0.0,0.0,0.0,0.0,0.0,0.0,0.0,0.0,0.16163704510091612,0.16163704510091612,0.16163704510091612,0.0,0.0,0.0,0.14566102037718645,0.14566102037718645,0.0,0.0,0.16163704510091612,0.16163704510091612,0.16163704510091612,0.16163704510091612,0.17065481856509954,0.17065481856509954,0.0,0.0,0.0,0.0,0.0,0.0,0.0,0.0,0.0,0.0,0.0,0.0,0.0,0.0,0.0,0.0,0.0,0.0,0.10869558026958813,0.0,0.13182195828317553,0.30531122813038386,0.0,0.0,0.0,0.15334149766525335,0.0,0.0,0.0,0.20365904979790939,0.0,0.0,0.0,0.0,0.0,0.0,0.0,0.0,0.0,0.15334149766525335,0.0,0.21749811189192034,0.0,0.0,0.0,Training,,
/Users/tinawu/Dropbox/Android/Drebin/csbd/data/small_proto_apks/malware/gen10_1d192707-2b99-4a9d-b673-b32c4b498bb9_app-release.data,0.10806181959490313,0.0,0.0,0.0,0.0,0.0,0.0,0.0,0.0,0.0,0.0,0.0,0.0,0.0,0.0,0.0,0.0,0.0,0.0,0.0,0.0,0.0,0.0,0.0,0.0,0.0,0.0,0.0,0.0,0.0,0.0,0.0,0.0,0.0,0.0,0.0,0.0,0.0,0.0,0.0,0.0,0.0,0.0,0.0,0.0,0.0,0.0,0.0,0.0,0.0,0.0,0.0,0.0,0.0,0.0,0.3621557084344218,0.0,0.0,0.0,0.0,0.0,0.0,0.0,0.0,0.0,0.0,0.0,0.0,0.0,0.0,0.0,0.0,0.0,0.0,0.0,0.0,0.0,0.0,0.0,0.0,0.0,0.0,0.0,0.0,0.0,0.0,0.3621557084344218,0.0,0.0,0.0,0.0,0.0,0.0,0.0,0.0,0.0,0.0,0.0,0.0,0.0,0.0,0.0,0.0,0.0,0.0,0.0,0.0,0.0,0.0,0.0,0.0,0.0,0.0,0.113334173513386,0.0,0.0,0.0,0.0,0.0,0.0,0.0,0.0,0.0,0.0,0.0,0.0,0.0,0.0,0.0,0.0,0.0,0.0,0.0,0.0,0.0,0.0,0.0,0.0,0.0,0.0,0.0,0.0,0.0,0.0,0.0,0.0,0.0,0.113334173513386,0.0,0.0,0.0,0.0,0.15988535927673508,0.2123502172776527,0.0,0.2434376654916249,0.0,0.22677986253770008,0.0,0.0,0.0,0.0,0.0,0.0,0.0,0.0,0.0,0.0,0.0,0.0,0.0,0.0,0.0,0.0,0.13089626475353133,0.0,0.0,0.0,0.0,0.0,0.0,0.0,0.0,0.0,0.0,0.0,0.16853491991324035,0.16853491991324035,0.16853491991324035,0.0,0.0,0.0,0.1518771169593155,0.1518771169593155,0.0,0.0,0.16853491991324035,0.16853491991324035,0.16853491991324035,0.16853491991324035,0.1779375276361978,0.1779375276361978,0.0,0.0,0.0,0.0,0.0,0.0,0.0,0.0,0.0,0.0,0.0,0.0,0.0,0.0,0.0,0.0,0.0,0.0,0.113334173513386,0.0,0.13744747169926816,0.0,0.0,0.0,0.2434376654916249,0.15988535927673508,0.0,0.0,0.0,0.0,0.0,0.0,0.0,0.0,0.0,0.0,0.0,0.0,0.0,0.15988535927673508,0.0,0.22677986253770008,0.0,0.0,0.0,Training,,
/Users/tinawu/Dropbox/Android/Drebin/csbd/data/small_proto_apks/malware/gen10_241d4d83-12f7-4791-bf68-b34c9ebf1089_app-release.data,0.11141352338349357,0.0,0.0,0.0,0.0,0.0,0.0,0.0,0.0,0.0,0.0,0.0,0.0,0.0,0.0,0.0,0.0,0.0,0.0,0.0,0.0,0.0,0.0,0.0,0.0,0.0,0.0,0.0,0.0,0.0,0.0,0.0,0.0,0.0,0.0,0.0,0.0,0.0,0.0,0.0,0.0,0.0,0.0,0.0,0.0,0.0,0.0,0.0,0.0,0.0,0.0,0.0,0.0,0.0,0.0,0.0,0.0,0.0,0.0,0.0,0.3733885255808449,0.0,0.0,0.0,0.0,0.0,0.0,0.0,0.0,0.0,0.0,0.0,0.0,0.0,0.0,0.0,0.0,0.0,0.0,0.0,0.0,0.0,0.0,0.0,0.0,0.0,0.0,0.0,0.0,0.0,0.3733885255808449,0.0,0.0,0.0,0.0,0.0,0.0,0.0,0.0,0.0,0.0,0.0,0.0,0.0,0.0,0.0,0.0,0.0,0.0,0.0,0.0,0.0,0.0,0.11684940748006907,0.0,0.0,0.0,0.0,0.0,0.0,0.0,0.0,0.0,0.0,0.0,0.0,0.0,0.0,0.0,0.0,0.0,0.0,0.0,0.0,0.0,0.0,0.0,0.0,0.0,0.0,0.0,0.0,0.0,0.0,0.0,0.0,0.0,0.11684940748006907,0.0,0.0,0.0,0.0,0.16484444997534528,0.21893658636180868,0.0,0.0,0.0,0.23381378929641145,0.0,0.0,0.0,0.0,0.0,0.0,0.0,0.0,0.0,0.0,0.0,0.0,0.0,0.0,0.0,0.0,0.13495621403192976,0.0,0.0,0.0,0.0,0.0,0.0,0.0,0.0,0.0,0.0,0.0,0.17376229005840896,0.17376229005840896,0.17376229005840896,0.0,0.0,0.0,0.1565878196868933,0.1565878196868933,0.0,0.0,0.17376229005840896,0.17376229005840896,0.17376229005840896,0.17376229005840896,0.18345653414327304,0.18345653414327304,0.0,0.0,0.0,0.0,0.0,0.0,0.0,0.0,0.0,0.0,0.0,0.0,0.0,0.0,0.0,0.0,0.0,0.0,0.11684940748006907,0.0,0.1417106167522906,0.0,0.0,0.0,0.2509882596679271,0.16484444997534528,0.0,0.0,0.0,0.0,0.0,0.0,0.0,0.0,0.0,0.0,0.0,0.0,0.0,0.16484444997534528,0.0,0.23381378929641145,0.0,0.0,0.0,Training,,
/Users/tinawu/Dropbox/Android/Drebin/csbd/data/small_proto_apks/malware/gen10_24a6802e-95c7-4667-b961-664070f25032_app-release.data,0.13978013687614987,0.0,0.0,0.0,0.0,0.0,0.0,0.0,0.0,0.0,0.0,0.0,0.0,0.0,0.0,0.0,0.0,0.0,0.0,0.0,0.0,0.0,0.0,0.0,0.0,0.0,0.0,0.0,0.0,0.0,0.0,0.0,0.0,0.0,0.0,0.0,0.0,0.0,0.0,0.0,0.0,0.0,0.0,0.0,0.0,0.0,0.0,0.0,0.0,0.0,0.0,0.0,0.0,0.0,0.0,0.0,0.0,0.0,0.0,0.0,0.0,0.0,0.0,0.0,0.0,0.0,0.0,0.0,0.0,0.0,0.0,0.0,0.0,0.0,0.0,0.0,0.0,0.0,0.0,0.0,0.0,0.0,0.0,0.4684556921696529,0.0,0.0,0.0,0.0,0.0,0.0,0.0,0.0,0.0,0.0,0.0,0.0,0.0,0.0,0.0,0.0,0.0,0.0,0.0,0.0,0.0,0.0,0.0,0.0,0.0,0.0,0.0,0.0,0.0,0.0,0.0,0.0,0.0,0.0,0.0,0.0,0.0,0.0,0.0,0.0,0.0,0.0,0.0,0.0,0.0,0.0,0.0,0.0,0.0,0.0,0.0,0.0,0.0,0.0,0.0,0.0,0.0,0.0,0.0,0.0,0.0,0.0,0.0,0.1466000327019629,0.0,0.0,0.0,0.0,0.0,0.0,0.0,0.3148915160858043,0.0,0.0,0.0,0.0,0.0,0.0,0.0,0.0,0.0,0.0,0.0,0.0,0.0,0.0,0.0,0.0,0.0,0.0,0.16931695091212723,0.0,0.0,0.0,0.0,0.0,0.0,0.0,0.0,0.0,0.0,0.0,0.21800330831181772,0.21800330831181772,0.21800330831181772,0.0,0.0,0.0,0.196456105186012,0.196456105186012,0.0,0.0,0.21800330831181772,0.21800330831181772,0.21800330831181772,0.21800330831181772,0.23016577049721043,0.23016577049721043,0.0,0.0,0.0,0.0,0.0,0.0,0.0,0.0,0.0,0.0,0.0,0.0,0.0,0.0,0.0,0.0,0.0,0.0,0.1466000327019629,0.0,0.17779106884769333,0.0,0.0,0.0,0.0,0.20681492767727316,0.0,0.0,0.0,0.0,0.0,0.0,0.0,0.0,0.0,0.0,0.0,0.0,0.0,0.0,0.0,0.0,0.0,0.0,0.0,Training,,
/Users/tinawu/Dropbox/Android/Drebin/csbd/data/small_proto_apks/goodware/air.air.com.hi4u4o.game.Turbo_Boat_Race.data,0.08446060991678027,0.20566872420484958,0.0,0.0,0.0,0.0,0.0,0.0,0.0,0.0,0.0,0.0,0.0,0.0,0.0,0.0,0.0,0.0,0.0,0.0,0.0,0.0,0.0,0.0,0.0,0.0,0.0,0.0,0.0,0.0,0.0,0.0,0.0,0.0,0.0,0.0,0.0,0.0,0.0,0.0,0.0,0.0,0.0,0.0,0.0,0.0,0.24881336794924486,0.0,0.0,0.0,0.0,0.0,0.0,0.0,0.0,0.0,0.0,0.0,0.0,0.0,0.0,0.0,0.0,0.0,0.0,0.0,0.0,0.0,0.0,0.0,0.0,0.0,0.0,0.0,0.0,0.0,0.0,0.0,0.0,0.0,0.0,0.0,0.0,0.0,0.0,0.0,0.0,0.0,0.0,0.0,0.0,0.0,0.0,0.0,0.0,0.0,0.0,0.0,0.0,0.0,0.0,0.0,0.0,0.0,0.0,0.0,0.0,0.0,0.0,0.0,0.0,0.0,0.0,0.08858145694047033,0.0,0.0,0.0,0.0,0.0,0.0,0.0,0.0,0.0,0.0,0.0,0.0,0.0,0.0,0.0,0.0,0.0,0.2830591982800337,0.22451556464784408,0.22451556464784408,0.0,0.15602390398626642,0.20566872420484958,0.0,0.0,0.0,0.0,0.0,0.0,0.0,0.0,0.0,0.0,0.08858145694047033,0.0,0.0,0.0,0.2830591982800337,0.1249656447753682,0.0,0.0,0.0,0.0,0.0,0.0,0.0,0.19026973431705524,0.17725007387975872,0.0,0.0,0.0,0.0,0.0,0.0,0.0,0.0,0.0,0.22451556464784408,0.0,0.0,0.10230790484887461,0.0,0.0,0.0,0.0,0.0,0.0,0.0,0.0,0.0,0.0,0.0,0.0,0.0,0.0,0.0,0.0,0.0,0.0,0.0,0.0,0.0,0.0,0.0,0.0,0.0,0.0,0.0,0.0,0.0,0.0,0.0,0.0,0.0,0.0,0.0,0.0,0.0,0.0,0.0,0.0,0.0,0.0,0.0,0.16597193101565444,0.0,0.08858145694047033,0.13907513465510865,0.0,0.0,0.19026973431705524,0.0,0.0,0.0,0.22451556464784408,0.16597193101565444,0.0,0.16597193101565444,0.0,0.24881336794924486,0.15602390398626642,0.20566872420484958,0.0,0.0,0.0,0.15602390398626642,0.0,0.1249656447753682,0.0,0.0,0.0,0.19026973431705524,0.0,Training,,
/Users/tinawu/Dropbox/Android/Drebin/csbd/data/small_proto_apks/goodware/aero.sita.lab.resmobileweb.android.mh.data,0.053113544086383545,0.0,0.0,0.0,0.0,0.0,0.0,0.17800341747136736,0.17800341747136736,0.17800341747136736,0.17800341747136736,0.17800341747136736,0.17800341747136736,0.17800341747136736,0.17800341747136736,0.0,0.0,0.0,0.0,0.0,0.0,0.0,0.0,0.0,0.0,0.0,0.0,0.0,0.0,0.0,0.0,0.0,0.0,0.0,0.0,0.0,0.0,0.0,0.0,0.0,0.0,0.0,0.0,0.0,0.0,0.0,0.0,0.0,0.0,0.0,0.0,0.0,0.0,0.0,0.0,0.0,0.0,0.17800341747136736,0.17800341747136736,0.0,0.0,0.0,0.0,0.0,0.0,0.0,0.0,0.0,0.0,0.17800341747136736,0.0,0.0,0.0,0.0,0.0,0.0,0.0,0.0,0.0,0.0,0.0,0.0,0.0,0.0,0.0,0.0,0.0,0.0,0.0,0.0,0.0,0.0,0.0,0.17800341747136736,0.17800341747136736,0.0,0.0,0.0,0.0,0.0,0.0,0.0,0.0,0.0,0.0,0.0,0.0,0.0,0.0,0.0,0.0,0.0,0.0,0.055704962621978556,0.0,0.0,0.0,0.0,0.0,0.0,0.0,0.17800341747136736,0.0,0.0,0.0,0.0,0.0,0.0,0.0,0.0,0.0,0.0,0.14118791413834425,0.14118791413834425,0.0,0.09811653634835774,0.0,0.0,0.0,0.17800341747136736,0.17800341747136736,0.0,0.0,0.0,0.0,0.0,0.0,0.055704962621978556,0.0,0.0,0.15646772857637412,0.0,0.0,0.0,0.0,0.0,0.0,0.0,0.0,0.14118791413834425,0.0,0.11146473631439993,0.0,0.0,0.0,0.0,0.17800341747136736,0.0,0.0,0.0,0.119652225243351,0.0,0.0,0.0,0.0,0.0,0.0,0.0,0.0,0.0,0.0,0.0,0.0,0.0,0.17800341747136736,0.17800341747136736,0.0,0.0,0.0,0.0,0.0,0.0,0.0746492329813768,0.0746492329813768,0.0,0.15646772857637412,0.0,0.0,0.0,0.0,0.08745820451808352,0.08745820451808352,0.0,0.15646772857637412,0.0,0.1293359692880248,0.1293359692880248,0.1293359692880248,0.1293359692880248,0.0,0.0,0.0,0.0,0.0,0.0,0.0,0.0,0.0,0.10437241080532114,0.0,0.055704962621978556,0.08745820451808352,0.06755690747229803,0.0,0.119652225243351,0.0,0.0,0.0,0.0,0.10437241080532114,0.0,0.10437241080532114,0.0,0.15646772857637412,0.09811653634835774,0.0,0.0,0.0,0.0,0.09811653634835774,0.0,0.0,0.0,0.0,0.14118791413834425,0.0,0.0,Training,,
/Users/tinawu/Dropbox/Android/Drebin/csbd/data/small_proto_apks/goodware/agagswe.technological.news.data,0.034413730854675535,0.0,0.0,0.0,0.0,0.0,0.0,0.0,0.0,0.0,0.0,0.0,0.0,0.0,0.0,0.0,0.0,0.0,0.0,0.0,0.0,0.0,0.11533332609304293,0.11533332609304293,0.11533332609304293,0.11533332609304293,0.11533332609304293,0.11533332609304293,0.11533332609304293,0.11533332609304293,0.11533332609304293,0.11533332609304293,0.11533332609304293,0.11533332609304293,0.11533332609304293,0.11533332609304293,0.11533332609304293,0.11533332609304293,0.11533332609304293,0.11533332609304293,0.11533332609304293,0.11533332609304293,0.11533332609304293,0.11533332609304293,0.11533332609304293,0.0,0.0,0.0838003434616921,0.11533332609304293,0.11533332609304293,0.11533332609304293,0.0,0.0,0.0,0.0,0.0,0.0,0.0,0.0,0.0,0.0,0.0,0.0,0.0,0.0,0.0,0.0,0.0,0.0,0.0,0.0,0.0,0.11533332609304293,0.11533332609304293,0.11533332609304293,0.11533332609304293,0.11533332609304293,0.11533332609304293,0.0,0.11533332609304293,0.0,0.0,0.0,0.0,0.0,0.0,0.0,0.0,0.0,0.0,0.0,0.0,0.11533332609304293,0.0,0.0,0.11533332609304293,0.11533332609304293,0.11533332609304293,0.10137975899164665,0.11533332609304293,0.11533332609304293,0.11533332609304293,0.0,0.11533332609304293,0.11533332609304293,0.11533332609304293,0.11533332609304293,0.11533332609304293,0.0914795455785758,0.0,0.11533332609304293,0.11533332609304293,0.11533332609304293,0.0360927824327578,0.11533332609304293,0.0,0.0,0.0,0.0,0.0,0.0,0.0,0.10137975899164665,0.11533332609304293,0.0,0.0,0.0,0.10137975899164665,0.0,0.0,0.0,0.0,0.0,0.0,0.0,0.0635724113757832,0.0838003434616921,0.0,0.0,0.0,0.0,0.0,0.11533332609304293,0.0,0.0,0.0,0.0,0.0360927824327578,0.0,0.0,0.0,0.0,0.0,0.0,0.0838003434616921,0.0,0.0,0.0,0.0,0.0914795455785758,0.0775259784771795,0.07222107847053898,0.0,0.0,0.0,0.0,0.0,0.11533332609304293,0.11533332609304293,0.10137975899164665,0.0775259784771795,0.0,0.0,0.0,0.0,0.0,0.10137975899164665,0.0838003434616921,0.0,0.10137975899164665,0.0838003434616921,0.0,0.0,0.0914795455785758,0.0,0.0,0.0,0.0,0.0,0.0,0.0,0.11533332609304293,0.0,0.0,0.0,0.0,0.0,0.0,0.0,0.0,0.0,0.0,0.10137975899164665,0.10137975899164665,0.0,0.0,0.0,0.0,0.0,0.0,0.0,0.11533332609304293,0.11533332609304293,0.0,0.0,0.11533332609304293,0.0,0.0,0.06762576506410864,0.0,0.0360927824327578,0.05666658407172818,0.0437719845496415,0.0,0.0775259784771795,0.0,0.0,0.0,0.0,0.06762576506410864,0.0914795455785758,0.06762576506410864,0.0,0.0,0.0635724113757832,0.0838003434616921,0.0,0.0,0.0,0.0635724113757832,0.0,0.0,0.0,0.0,0.0914795455785758,0.0775259784771795,0.10137975899164665,Training,,
/Users/tinawu/Dropbox/Android/Drebin/csbd/data/small_proto_apks/goodware/age.of.civilizations.jakowski.lite.data,0.10742536448970004,0.0,0.0,0.0,0.0,0.0,0.0,0.0,0.0,0.0,0.0,0.0,0.0,0.0,0.0,0.3600227085425488,0.0,0.0,0.0,0.0,0.0,0.0,0.0,0.0,0.0,0.0,0.0,0.0,0.0,0.0,0.0,0.0,0.0,0.0,0.0,0.0,0.0,0.0,0.0,0.0,0.0,0.0,0.0,0.0,0.0,0.0,0.0,0.0,0.0,0.0,0.0,0.0,0.0,0.0,0.0,0.0,0.0,0.0,0.0,0.0,0.0,0.0,0.0,0.0,0.0,0.0,0.0,0.0,0.0,0.0,0.0,0.0,0.0,0.0,0.0,0.0,0.0,0.0,0.0,0.0,0.0,0.0,0.0,0.0,0.0,0.0,0.0,0.0,0.0,0.0,0.0,0.0,0.0,0.0,0.0,0.0,0.0,0.0,0.0,0.0,0.0,0.0,0.0,0.0,0.0,0.0,0.0,0.0,0.0,0.0,0.0,0.0,0.0,0.11266666565911357,0.0,0.0,0.0,0.0,0.0,0.0,0.0,0.0,0.0,0.0,0.0,0.0,0.0,0.0,0.0,0.0,0.0,0.0,0.0,0.0,0.0,0.0,0.0,0.0,0.0,0.0,0.0,0.0,0.0,0.0,0.0,0.0,0.0,0.0,0.0,0.0,0.0,0.0,0.0,0.0,0.0,0.0,0.0,0.0,0.0,0.0,0.0,0.0,0.0,0.0,0.0,0.0,0.0,0.0,0.0,0.0,0.24200388299951356,0.0,0.0,0.0,0.1301253208968879,0.0,0.0,0.0,0.0,0.0,0.0,0.0,0.0,0.0,0.0,0.0,0.1675422944828535,0.1675422944828535,0.1675422944828535,0.0,0.0,0.0,0.15098260151607523,0.15098260151607523,0.0,0.0,0.1675422944828535,0.1675422944828535,0.1675422944828535,0.1675422944828535,0.17688952337071517,0.17688952337071517,0.0,0.0,0.3600227085425488,0.26158984269243374,0.26158984269243374,0.26158984269243374,0.26158984269243374,0.0,0.0,0.0,0.0,0.0,0.0,0.0,0.0,0.0,0.0,0.0,0.11266666565911357,0.17688952337071517,0.13663794299256865,0.0,0.0,0.0,0.0,0.0,0.0,0.0,0.0,0.0,0.0,0.0,0.0,0.0,0.0,0.0,0.0,0.0,0.0,0.0,0.0,0.0,0.0,0.0,0.0,Training,,
/Users/tinawu/Dropbox/Android/Drebin/csbd/data/small_proto_apks/malware/gen10_06515735-79ae-48e2-a52b-5a8e2a5befee_app-release.data,0.11309074309945687,0.0,0.0,0.0,0.0,0.0,0.0,0.0,0.0,0.0,0.0,0.0,0.0,0.0,0.0,0.0,0.0,0.0,0.0,0.0,0.0,0.0,0.0,0.0,0.0,0.0,0.0,0.0,0.0,0.0,0.0,0.0,0.0,0.0,0.0,0.0,0.0,0.0,0.0,0.0,0.0,0.0,0.0,0.0,0.0,0.0,0.0,0.0,0.0,0.0,0.0,0.0,0.0,0.0,0.0,0.0,0.0,0.0,0.0,0.0,0.0,0.37900951823775103,0.0,0.0,0.0,0.0,0.0,0.0,0.0,0.0,0.0,0.0,0.0,0.0,0.0,0.0,0.0,0.0,0.0,0.0,0.0,0.0,0.0,0.0,0.0,0.0,0.0,0.0,0.0,0.0,0.0,0.37900951823775103,0.0,0.0,0.0,0.0,0.0,0.0,0.0,0.0,0.0,0.0,0.0,0.0,0.0,0.0,0.0,0.0,0.0,0.0,0.0,0.0,0.0,0.11860845902132242,0.0,0.0,0.0,0.0,0.0,0.0,0.0,0.0,0.0,0.0,0.0,0.0,0.0,0.0,0.0,0.0,0.0,0.0,0.0,0.0,0.0,0.0,0.0,0.0,0.0,0.0,0.0,0.0,0.0,0.0,0.0,0.0,0.0,0.11860845902132242,0.0,0.2753855184749577,0.0,0.0,0.16732601911676906,0.2222324587841158,0.0,0.0,0.0,0.0,0.0,0.0,0.0,0.0,0.0,0.0,0.0,0.0,0.0,0.0,0.0,0.0,0.0,0.0,0.0,0.0,0.13698784552595403,0.0,0.0,0.0,0.0,0.0,0.0,0.0,0.0,0.0,0.0,0.0,0.17637810840726187,0.17637810840726187,0.17637810840726187,0.0,0.0,0.0,0.15894509347631078,0.15894509347631078,0.0,0.0,0.17637810840726187,0.17637810840726187,0.17637810840726187,0.17637810840726187,0.0,0.0,0.0,0.0,0.0,0.0,0.0,0.0,0.0,0.0,0.0,0.0,0.0,0.0,0.0,0.0,0.0,0.0,0.0,0.0,0.11860845902132242,0.0,0.1438439290572982,0.0,0.0,0.0,0.2547666381340795,0.16732601911676906,0.0,0.0,0.0,0.0,0.0,0.0,0.0,0.0,0.0,0.0,0.0,0.0,0.2753855184749577,0.16732601911676906,0.0,0.0,0.0,0.0,0.0,Training,,
/Users/tinawu/Dropbox/Android/Drebin/csbd/data/small_proto_apks/goodware/air.AdditionIsFun.data,0.050777765231079026,0.0,0.0,0.0,0.0,0.0,0.0,0.0,0.0,0.0,0.0,0.0,0.0,0.0,0.0,0.0,0.17017534600949416,0.17017534600949416,0.17017534600949416,0.17017534600949416,0.17017534600949416,0.0,0.0,0.0,0.0,0.0,0.0,0.0,0.0,0.0,0.0,0.0,0.0,0.0,0.0,0.0,0.0,0.0,0.0,0.0,0.0,0.0,0.0,0.0,0.0,0.17017534600949416,0.0,0.12364815034297476,0.0,0.0,0.0,0.0,0.0,0.0,0.0,0.0,0.0,0.0,0.0,0.0,0.0,0.0,0.0,0.0,0.0,0.0,0.0,0.0,0.0,0.0,0.0,0.0,0.0,0.0,0.0,0.0,0.0,0.0,0.17017534600949416,0.0,0.0,0.0,0.0,0.0,0.0,0.0,0.0,0.0,0.0,0.0,0.0,0.0,0.0,0.0,0.0,0.0,0.0,0.0,0.0,0.0,0.0,0.0,0.0,0.0,0.0,0.0,0.0,0.0,0.0,0.0,0.0,0.0,0.0,0.053255220732860244,0.0,0.0,0.0,0.0,0.0,0.0,0.0,0.0,0.0,0.0,0.17017534600949416,0.17017534600949416,0.17017534600949416,0.0,0.0,0.0,0.0,0.0,0.0,0.0,0.0,0.09380165706661603,0.12364815034297476,0.17017534600949416,0.0,0.0,0.0,0.0,0.0,0.14958673394058372,0.0,0.0,0.17017534600949416,0.053255220732860244,0.0,0.0,0.0,0.0,0.0751294145117625,0.0,0.12364815034297476,0.0,0.0,0.0,0.17017534600949416,0.0,0.11439026913552647,0.10656284210504673,0.0,0.0,0.17017534600949416,0.0,0.0,0.0,0.0,0.0,0.11439026913552647,0.0,0.0,0.0,0.06150756878050454,0.14958673394058372,0.14958673394058372,0.12364815034297476,0.17017534600949416,0.14958673394058372,0.12364815034297476,0.12364815034297476,0.0,0.0,0.0,0.0,0.0,0.0,0.0,0.0,0.0,0.0,0.0,0.0,0.0,0.0,0.0,0.0,0.0,0.0,0.08361204760368154,0.08361204760368154,0.14958673394058372,0.0,0.0,0.0,0.0,0.0,0.0,0.0,0.0,0.0,0.0,0.17017534600949416,0.17017534600949416,0.0,0.0,0.0,0.0,0.17017534600949416,0.053255220732860244,0.08361204760368154,0.06458595159432243,0.0,0.11439026913552647,0.0,0.0,0.0,0.0,0.09978241639937967,0.13497888120443693,0.09978241639937967,0.17017534600949416,0.0,0.09380165706661603,0.12364815034297476,0.0,0.17017534600949416,0.0,0.09380165706661603,0.0,0.0751294145117625,0.0,0.0,0.0,0.11439026913552647,0.14958673394058372,Training,,
/Users/tinawu/Dropbox/Android/Drebin/csbd/data/small_proto_apks/goodware/air.AfterInjuryFrozenAnnaAPK.data,0.07532114138136174,0.18341334580488325,0.0,0.0,0.0,0.0,0.0,0.0,0.0,0.0,0.0,0.0,0.0,0.0,0.0,0.0,0.0,0.0,0.0,0.0,0.0,0.0,0.0,0.0,0.0,0.0,0.0,0.0,0.0,0.0,0.0,0.0,0.0,0.0,0.0,0.0,0.0,0.0,0.0,0.0,0.0,0.0,0.0,0.0,0.0,0.0,0.2218893148337837,0.0,0.0,0.0,0.0,0.0,0.0,0.0,0.0,0.0,0.0,0.0,0.0,0.0,0.0,0.0,0.0,0.0,0.0,0.0,0.0,0.0,0.0,0.0,0.0,0.0,0.0,0.0,0.0,0.0,0.0,0.0,0.0,0.0,0.0,0.0,0.0,0.0,0.0,0.0,0.0,0.0,0.0,0.0,0.0,0.0,0.0,0.0,0.0,0.0,0.0,0.0,0.0,0.0,0.0,0.0,0.0,0.0,0.0,0.0,0.0,0.0,0.0,0.0,0.0,0.0,0.0,0.07899607223478738,0.0,0.0,0.0,0.0,0.0,0.0,0.0,0.0,0.0,0.0,0.0,0.0,0.0,0.0,0.0,0.0,0.0,0.0,0.0,0.0,0.0,0.13914058331571164,0.0,0.0,0.0,0.0,0.0,0.0,0.0,0.0,0.0,0.0,0.0,0.07899607223478738,0.0,0.0,0.0,0.0,0.11144313316246243,0.0,0.0,0.0,0.0,0.0,0.0,0.0,0.0,0.0,0.0,0.0,0.0,0.0,0.0,0.0,0.0,0.0,0.0,0.20022077278175998,0.25242940956680787,0.25242940956680787,0.09123718350063685,0.0,0.0,0.18341334580488325,0.0,0.0,0.18341334580488325,0.18341334580488325,0.2218893148337837,0.20022077278175998,0.0,0.0,0.0,0.0,0.0,0.2218893148337837,0.2218893148337837,0.0,0.10586123611438593,0.10586123611438593,0.2218893148337837,0.2218893148337837,0.0,0.0,0.0,0.0,0.0,0.0,0.0,0.0,0.0,0.18341334580488325,0.18341334580488325,0.18341334580488325,0.18341334580488325,0.0,0.0,0.0,0.0,0.0,0.0,0.0,0.0,0.0,0.14801213599671204,0.0,0.07899607223478738,0.12402583749171074,0.0,0.0,0.0,0.0,0.0,0.11144313316246243,0.20022077278175998,0.0,0.0,0.0,0.0,0.0,0.13914058331571164,0.0,0.0,0.0,0.0,0.13914058331571164,0.0,0.11144313316246243,0.0,0.0,0.0,0.0,0.0,Training,,
/Users/tinawu/Dropbox/Android/Drebin/csbd/data/small_proto_apks/goodware/air.air.FootballTacticsAndroid.data,0.20030670636837575,0.4877637609893041,0.0,0.0,0.0,0.0,0.0,0.0,0.0,0.0,0.0,0.0,0.0,0.0,0.0,0.0,0.0,0.0,0.0,0.0,0.0,0.0,0.0,0.0,0.0,0.0,0.0,0.0,0.0,0.0,0.0,0.0,0.0,0.0,0.0,0.0,0.0,0.0,0.0,0.0,0.0,0.0,0.0,0.0,0.0,0.0,0.0,0.0,0.0,0.0,0.0,0.0,0.0,0.0,0.0,0.0,0.0,0.0,0.0,0.0,0.0,0.0,0.0,0.0,0.0,0.0,0.0,0.0,0.0,0.0,0.0,0.0,0.0,0.0,0.0,0.0,0.0,0.0,0.0,0.0,0.0,0.0,0.0,0.0,0.0,0.0,0.0,0.0,0.0,0.0,0.0,0.0,0.0,0.0,0.0,0.0,0.0,0.0,0.0,0.0,0.0,0.0,0.5900855592144407,0.0,0.0,0.0,0.0,0.0,0.0,0.0,0.0,0.0,0.0,0.210079703456327,0.0,0.0,0.0,0.0,0.0,0.0,0.0,0.0,0.0,0.0,0.0,0.0,0.0,0.0,0.0,0.0,0.0,0.0,0.0,0.0,0.0,0.0,0.0,0.0,0.0,0.0,0.0,0.0,0.0,0.0,0.0,0.0,0.0,0.210079703456327,0.0,0.0,0.0,0.0,0.0,0.0,0.0,0.0,0.0,0.0,0.0,0.0,0.0,0.4203661154873081,0.0,0.0,0.0,0.0,0.0,0.0,0.0,0.0,0.0,0.0,0.0,0.0,0.0,0.0,0.0,0.0,0.0,0.0,0.0,0.0,0.0,0.0,0.0,0.0,0.0,0.0,0.0,0.0,0.0,0.0,0.0,0.0,0.0,0.0,0.0,0.0,0.0,0.0,0.0,0.0,0.0,0.0,0.0,0.0,0.0,0.0,0.0,0.0,0.0,0.0,0.0,0.0,0.0,0.0,0.0,0.0,0.0,0.0,0.0,0.3298304640228335,0.0,0.0,0.0,0.0,0.0,0.0,0.0,0.0,0.0,0.0,0.0,0.0,0.0,0.0,0.0,0.0,0.0,0.0,0.0,0.0,0.0,0.0,0.0,0.0,0.0,Training,,
/Users/tinawu/Dropbox/Android/Drebin/csbd/data/small_proto_apks/malware/gen10_0e187773-d465-400f-942f-f95e52767222_app-release.data,0.11457031177084512,0.0,0.0,0.0,0.0,0.0,0.0,0.0,0.0,0.0,0.0,0.0,0.0,0.0,0.0,0.0,0.0,0.0,0.0,0.0,0.0,0.0,0.0,0.0,0.0,0.0,0.0,0.0,0.0,0.0,0.0,0.0,0.0,0.0,0.0,0.0,0.0,0.0,0.0,0.0,0.0,0.0,0.0,0.0,0.0,0.0,0.0,0.0,0.0,0.0,0.0,0.0,0.0,0.0,0.0,0.0,0.0,0.0,0.0,0.38396810807431586,0.0,0.0,0.0,0.0,0.0,0.0,0.0,0.0,0.0,0.0,0.38396810807431586,0.0,0.0,0.0,0.0,0.0,0.0,0.0,0.0,0.0,0.0,0.0,0.0,0.0,0.0,0.0,0.0,0.0,0.0,0.0,0.0,0.0,0.0,0.0,0.0,0.0,0.0,0.0,0.0,0.0,0.0,0.0,0.0,0.0,0.0,0.0,0.0,0.0,0.0,0.0,0.0,0.0,0.0,0.12016021609108765,0.0,0.0,0.0,0.0,0.0,0.0,0.0,0.0,0.0,0.0,0.0,0.0,0.0,0.0,0.0,0.0,0.0,0.0,0.0,0.0,0.0,0.0,0.0,0.0,0.0,0.0,0.0,0.0,0.0,0.0,0.0,0.0,0.0,0.12016021609108765,0.0,0.0,0.0,0.0,0.0,0.22513993091464546,0.0,0.25809975564632887,0.0,0.24043866419883217,0.0,0.0,0.0,0.0,0.0,0.0,0.0,0.0,0.0,0.0,0.0,0.0,0.0,0.0,0.0,0.0,0.13878006051231173,0.0,0.0,0.0,0.0,0.0,0.0,0.0,0.0,0.0,0.0,0.0,0.17868566706649364,0.17868566706649364,0.17868566706649364,0.0,0.0,0.0,0.16102457561899694,0.16102457561899694,0.0,0.0,0.17868566706649364,0.17868566706649364,0.17868566706649364,0.17868566706649364,0.18865458765580606,0.18865458765580606,0.0,0.0,0.0,0.0,0.0,0.0,0.0,0.0,0.0,0.0,0.0,0.0,0.0,0.0,0.0,0.0,0.0,0.0,0.12016021609108765,0.0,0.14572584233481026,0.0,0.0,0.0,0.0,0.16951514909335397,0.0,0.0,0.0,0.0,0.0,0.0,0.0,0.0,0.0,0.0,0.0,0.0,0.0,0.0,0.0,0.24043866419883217,0.0,0.0,0.0,Training,,
/Users/tinawu/Dropbox/Android/Drebin/csbd/data/small_proto_apks/malware/gen10_005e6a38-4dfe-47e5-ac1c-04a460dee47e_app-release.data,0.1122233113993139,0.0,0.0,0.0,0.0,0.0,0.0,0.0,0.0,0.0,0.0,0.0,0.0,0.0,0.0,0.0,0.0,0.0,0.0,0.0,0.0,0.3761024291006126,0.0,0.0,0.0,0.0,0.0,0.0,0.0,0.0,0.0,0.0,0.0,0.0,0.0,0.0,0.0,0.0,0.0,0.0,0.0,0.0,0.0,0.0,0.0,0.0,0.0,0.0,0.0,0.0,0.0,0.0,0.0,0.0,0.0,0.0,0.0,0.0,0.0,0.0,0.0,0.0,0.0,0.0,0.0,0.0,0.0,0.0,0.0,0.0,0.0,0.0,0.0,0.0,0.0,0.0,0.0,0.0,0.0,0.0,0.0,0.0,0.0,0.0,0.0,0.0,0.0,0.0,0.3761024291006126,0.0,0.0,0.0,0.0,0.0,0.0,0.0,0.0,0.0,0.0,0.0,0.0,0.0,0.0,0.0,0.0,0.0,0.0,0.0,0.0,0.0,0.0,0.0,0.0,0.1176987051861237,0.0,0.0,0.0,0.0,0.0,0.0,0.0,0.0,0.0,0.0,0.0,0.0,0.0,0.0,0.0,0.0,0.0,0.0,0.0,0.0,0.0,0.0,0.0,0.0,0.0,0.0,0.0,0.0,0.0,0.0,0.0,0.0,0.0,0.1176987051861237,0.0,0.2732732489651941,0.0,0.0,0.1660425905242717,0.0,0.0,0.25281252012229843,0.0,0.0,0.0,0.0,0.0,0.0,0.0,0.0,0.0,0.0,0.0,0.0,0.0,0.0,0.0,0.0,0.0,0.0,0.13593711761943564,0.0,0.0,0.0,0.0,0.0,0.0,0.0,0.0,0.0,0.0,0.0,0.17502524823276322,0.17502524823276322,0.17502524823276322,0.0,0.0,0.0,0.1577259484880929,0.1577259484880929,0.0,0.0,0.17502524823276322,0.17502524823276322,0.17502524823276322,0.17502524823276322,0.0,0.0,0.0,0.0,0.0,0.0,0.0,0.0,0.0,0.0,0.0,0.0,0.0,0.0,0.0,0.0,0.0,0.0,0.0,0.0,0.1176987051861237,0.0,0.14274061343200706,0.0,0.0,0.0,0.25281252012229843,0.1660425905242717,0.0,0.0,0.0,0.0,0.0,0.0,0.0,0.0,0.0,0.0,0.0,0.0,0.2732732489651941,0.1660425905242717,0.0,0.0,0.0,0.0,0.0,Training,,
